{
  "project_info": {
    "project_number": "633190403823",
    "firebase_url": "https://warriors-of-fate-6bb17-default-rtdb.firebaseio.com",
    "project_id": "warriors-of-fate-6bb17",
    "storage_bucket": "warriors-of-fate-6bb17.appspot.com"
  },
  "client": [
    {
      "client_info": {
        "mobilesdk_app_id": "1:633190403823:android:bb600caf05152f0ced151a",
        "android_client_info": {
          "package_name": "com.android.application"
        }
      },
      "oauth_client": [],
      "api_key": [
        {
          "current_key": "AIzaSyAd48WmxlAZ7DJFsXFcAm_DbCdD-8tBYmU"
        }
      ],
      "services": {
        "appinvite_service": {
          "other_platform_oauth_client": []
        }
      }
    }
  ],
  "configuration_version": "1"
}